partno,qty_in,price_in
01-SSC-0429,1,4319.81
01-SSC-0639,1,1310.13
01-SSC-0709,5,81.00
01-SSC-1440,3,3834.26
01-SSC-1441,2,4828.74
01-SSC-1450,5,4241.143889
01-SSC-1451,2,5341.12
01-SSC-1460,4,5205.216667
01-SSC-1461,1,6550.8
01-SSC-1739,1,4821.6
01-SSC-1783,3,8647.6325
01-SSC-3215,1,4783.2
01-SSC-4266,1,16000
01-SSC-4838,2,1050
01-SSC-5310,8,113.196
01-SSC-5311,3,767.6333333
01-SSC-5316,5,477.456
01-SSC-5545,8,95
01-SSC-8629,2,115.1847561
01-SSC-8630,2,477.456
01-SSC-8631,5,767.634
01-SSC-9786,1,525
02-SSC-1519,1,2545.51
02-SSC-1625,1,5904.44
02-SSC-1715,1,32907.86
02-SSC-1726,1,1208.65958
02-SSC-1773,7,2305.731136
02-SSC-1867,1,1192.32
02-SSC-2264,3,1462.54
02-SSC-2462,3,547.58
02-SSC-2464,20,860.26
02-SSC-2465,2,2138.93
02-SSC-2466,15,3750.94
02-SSC-2467,2,1270.92
02-SSC-2468,20,2324.93
02-SSC-2821,17,1210.942
02-SSC-2825,7,1790.54125
02-SSC-2829,5,2706.772
02-SSC-2833,1,3930.285
02-SSC-2837,4,4827.6475
02-SSC-3069,1,85
02-SSC-4324,3,6511.666667
02-SSC-5053,2,4030.446
02-SSC-5137,2,3285.945
02-SSC-5640,6,7647.065833
02-SSC-5649,3,6123.373333
02-SSC-5659,2,8133.1
02-SSC-5660,5,10866.12
02-SSC-5661,1,9162.04
02-SSC-5662,2,6746.296667
02-SSC-5669,2,1
02-SSC-5675,3,9322.29125
02-SSC-5676,2,6451.052944
02-SSC-5685,2,9311.67
02-SSC-5686,2,7470.055
02-SSC-5687,1,10508.72
02-SSC-6444,1,1
02-SSC-6505,2,2234.705
02-SSC-6625,1,1617.2964
02-SSC-6649,1,1489.281667
02-SSC-6745,2,1091.048
02-SSC-6792,1,4367.486667
02-SSC-6794,5,5187.133948
02-SSC-6796,1,4771.977922
02-SSC-6799,2,7872.915
02-SSC-6804,1,5011.04625
02-SSC-6817,23,2719.5
02-SSC-6819,7,3131.096573
02-SSC-6820,2,3664.7552
02-SSC-6821,1,4830.29
02-SSC-6822,19,3100.160626
02-SSC-6823,4,4196.37712
02-SSC-6841,26,1905.69
02-SSC-6843,22,2252.155608
02-SSC-6844,6,2037.39
02-SSC-6845,12,3263.421429
02-SSC-6846,6,1783.82
02-SSC-6847,7,2686.970909
02-SSC-7346,3,5727.831667
02-SSC-7369,3,11976.568
02-SSC-7370,1,15887.96
02-SSC-8196,4,12674.015
02-SSC-8198,2,13042.325
02-SSC-8199,3,13703.02
02-SSC-8200,2,19619.2
02-SSC-8205,1,23632.58
02-SSC-8206,1,15861.83
02-SSC-8385,1,2
02-SSC-8675 ,1,860.28
02-SSC-8988,1,54678.86
02-SSC-9554,1,40703.42
02-SSC-9558,1,28861.3
03-SSC-1367,1,4912.6
03-SSC-1371,1,3438.82
03-SSC-1375,1,12854.63
03-SSC-1379,2,8569.75
03-SSC-2840,25,1303.578
03-SSC-2841,20,877.943
03-SSC-2976,1,15169.5
03-SSC-2985,1,61906.08
03-SSC-2988,1,99055.92
03-SSC-2997,5,2722.734
03-SSC-3005,5,4056.318
03-SSC-3012,3,5767.75
03-SSC-3019,2,8212.655
16GB DDR4,1,80.01
185579,1,0
1TB HARDDISK,4,266.3203463
202141115B,22,269.7814286
205650,1,0
228-11477,1,0
237708350,29,300
271629,1,1480.75
271629N,1,0
271631N,3,0
271678,1,1563.8
271679,1,1500.8
273733N,1,0
27599-999-999,1,801.15
300325-002,120,0
32LQ630,1,730
345956N,8,0
345959N,6,0
349595,53,0
370570,5,0
370570N,1,0
383071,3,0
383072,7,51.41545455
383072N,6,95.72
383085,27,42.41
383085N,7,0
383087,3,400.0933333
383087N,2,401.53
383092,4,0
383092N,1,45.7325
383093N,4,161.735
383094,1,341.43
383094N,1,0
383110,3944,31.03607116
383110N,2698,39.77091398
383125,2698,0
383127,1,231.28
383584,1,0
383630,1,60.675
383632,1,294.2
383633N,1,72.315
383641,6,140.37
383644N,11,18.454
383651,127,14.31795125
383651N,120,15.09945833
383658,2,81.09
383720N,12,14.54133858
392K4,1,290
393296,5,611.06976
393296N,1,0
393445,1,0
396316,6,87.79960435
396316N,7,0
396445,62,0
396445N,9,0
396447,4,0
396447N,6,1115.763591
396449,3,1441.3
396449N,3,0
396450,1,1730.01
396450N,1,0
396467,2,34.11133333
396474N,2,195.17
396476,2,134.9496111
396491N,1,195.18
400656,132,0
400-BFXP,2,0
403104,50,0
403105,3,0
403242,50,0
403248,5,178.208
403334,1,524.459
404444,300,0
404446,390,0
404448,3,0
413371N,10,35.23
413374N,10,19.22
413390N,1,0
413392N,1,0
434108,72,51.415
434120,7,1230.262857
434121,1,1126.72
500210-004,2,0
5222174-1,1,0
540-BBGX,16,272.2222222
634-BYKR,6,2466.666667
658-BEIX,1,0
700289747,167,0
700289762,1,0
700383318,110,16.01051281
700415573,6,144.0516667
700417231,1,783.825
700417413,9,387.008
700417439,14,871.8816432
700417462,9,1278.946
700427495,8,35.7136
700429202,8,57.82816349
700431778,11,195.6604615
700449473,2,2110.659314
700466683,5,40.36
700469968,1,155.62
700476021,2,480.802
700479702,9,49.11
700480643,20,211.0845
700501533,5,710.872
700501539,9,288.42
700503164,10,480.8790909
700503700,21,1555.880893
700504031,7,191.3096993
700504032,1,357.4167753
700504556,18,675.2657331
700504740,1,100
700504841,26,357.3878672
700505992,1,435
700508260,3,235
700510850,21,46
700510905,16,80
700511983,4,61.07
700512394,103,422.6687723
700512396,70,591.7229886
700512397,55,587.9109091
700512398,5,175.3482167
700512402,6,93.6
700512602,5,88.05176471
700512776,12,59.54833333
700513359,146,40.83
700513569,7,495.8209254
700513634,2,214.5655608
700513892,14,2440.330661
700513905,3,0
700513907,9,341.1830386
700513916,155,266.2996197
700514009,2,292.2579487
700514051,331,4.796227071
700514054,2,324.7970118
700514055,7,313.4349573
700514246,1,2816.410833
700514292,4,282.67
700514325,7,49.10909091
700514326,19,62.18
700514327,2,156.2809091
700514328,9,178.5972727
700514337,9,482.9182274
700514535,1,1465.415
700514685,6,1962.39
700514686,7,1456.1775
700514687,11,1405.242143
700514867,1,631.1804911
700515454,15,149.4372903
7005894747,16,0
726537-B21,3,217.05625
727250-B21,1,1900
826708-B21,3,184.35
872481-B21,2,1025
8AC4P6-0EU0,1,184
8SB1S7-WEU0,3,686.4
8SH2P7-BEU0,1,639.33
8VR1S7-0EU0,5,640
ACC3217,1,27.48
Access Point,11,0
ACCESSORIES,15,0
Acronis - Advance Backup,15,0
Acronis - Backup Workstations,30,0
Acronis Backup Solution,3,0
Acronis Hosted Cloud Storage,5,0
ADAPTOR,6,6.031666667
Additional IP Address,9,36.8
AF60-LR,2,0
A-FLEX-3,14,0
A-FLEX-NBR-STG,1,0
AGM732F,26,190.97
AIR-AP-BRACKET-1,8,0
AIR-AP-BRACKET-8,14,0
AIR-AP-T-RAIL-R,14,0
AIR-AP-T-RAIL-R=,8,0
AIR-DNA-E,2,0
AIR-DNA-E-T,16,0
AIR-DNA-E-T-3Y,16,0
AIR-DNA-NWSTACK-E,16,0
Analog Voice Logger,2,2070
AP8858EU3,8,0
AP9565,2,627.76
AP9630,1,0
AP9631,2,1112.5
AP9876,8,262.0575
Apphaz,12,1911.136111
APS350W-100NES,3,591.27
APS920W-100NES,1,885.08
APV9601,13,467.7515385
AT-2914GP/SP-901,4,734.8
AT-8000GS/24POE,1,3175
AT-8000S/24,3,570
ATA191-PWR,5,33.351
AT-AR4050S-NCA5,1,653.18
AT-AR4-UTM-02-5YR,1,8268.75
AT-CAP/ENT-CE,2,1102.2
AT-CAP/ENT-E,5,661.32
AT-CAT/ENT-CE,2,642.95
AT-CAT/ENT-E,5,495.99
AT-DRB50-48-1,14,0
AT-FAN08-NCA5,2,405.98
AT-FL-IE2-L2-01,1,0
AT-FL-IE3-L2-01,2,330.66
AT-FL-IE3-L3-01,2,440.88
AT-FL-x510-01,1,0
AT-FL-X530-01,1,0
AT-FL-x930-01,5,0
AT-FS705LE,3,45
AT-FS708,7,85
AT-FS716L,21,145
AT-FS724L,66,190
AT-FS750/28-30,12,422.1439565
AT-FS970M/24PS,1,1750
AT-FS970M/24PS-30,1,0
AT-FS980M/28PS-30,1,0
AT-FS980M/52PS-30,21,1211.95
AT-GS2002/SP-60,2,350
AT-GS900/16,2,277
AT-GS900/24,4,495
AT-GS900/5E,17,75
AT-GS900/8,1,0
AT-GS900/8E,2,115
AT-GS900/8PS,5,515
AT-GS916M,2,875
AT-GS950/10PS V2-30,32,661.32
AT-GS950/10PS V2-NCA1,2,0
AT-GS950/16-50,2,857.702875
AT-GS950/16PS-30,6,1170.336667
AT-GS950/18PS V2-30,42,1108.079852
AT-GS950/18PS V2-NCA1,2,0
AT-GS950/28PS V2-30,48,0
AT-GS950/28PS-30,5,1685.984708
AT-GS950/48-50,4,1400.54
AT-GS970M/10-30,1,1144.08
AT-GS970M/10-NCA1,1,95.16
AT-GS970M/10PS-R-30,6,1667.758333
AT-GS970M/10PS-R-NCA1,2,0
AT-GS970M/10PS-R-NCA5,1,545.74
AT-GS970M/18PS-R-30,1,1866.39
AT-GS970M/28-30,10,1098
AT-GS970M/28PS-30,57,2454.061838
AT-GS970M/28PS-NCA1,4,249.5275
AT-GS970M/28PS-NCA5,15,594.407475
AT-GS970M/28PS-NCP5,6,166.6548571
AT-GS980M/52PS-30,10,3975.62
AT-GS980M/52PS-NCA1,8,0
AT-GS980M/52PS-NCA5,2,837.385
AT-GS980MX/28PSm-30,2,5872.744263
AT-GS980MX/28PSm-NCA5,6,1350.196667
AT-IE048-240-20,14,522.0162162
AT-IE048-240-20-NCA1,1,0
AT-IE048-480-20,42,1224.829683
AT-IE048-480-20-NCA1,3,66.87
AT-IE200-6GP-80,1,1590.635456
AT-IE210L-10GP-60,7,1347.782
AT-IE210L-18GP-60,3,1432.924
AT-IE210L-18GP-NCA1,1,483.824
AT-IE220-10GHX-80-NCA1,12,0
AT-IE220-10GHX-80-NCP5,1,283.26
AT-IE220-10GHX-980,17,2204.4
AT-IE220-10GHX-980-NCA1,4,252.275
AT-IE220-10GHX-980-NCA5,154,440.1319481
AT-IE220-10GHX-980-NCP5,9,599.0655556
AT-IE220-6GHX-80-NCA1,2,164.6
AT-IE220-6GHX-80-NCA5,2,740.68
AT-IE220-6GHX-80-NCP5,5,233.228
AT-IE220-6GHX-980,17,1745.15
AT-IE220-6GHX-980-NCA1,2,0
AT-IE220-6GHX-980-NCP5,2,330.66
AT-IE220-FL01,1,437.21
AT-IE300-12GP-80-NCA1,13,0
AT-IE340-12GP-80,7,2870
AT-IE340-12GP-80-NCA1,4,295.0041768
AT-IE340-12GP-80-NCA5,4,958.91
AT-IE340-12GP-80-NCP5,10,491.03
AT-IE340-12GP-980,12,2517.38
AT-IE340-12GP-980-NCA5,2,1058.11
AT-IE340-20GP-80-NCA1,5,357.112
AT-IE340-20GP-80-NCP5,4,681.89
AT-IE340-20GP-980,26,3838.145333
AT-IE340-20GP-980-NCA1,7,505.645625
AT-IMC1000T/SFP,1,780
AT-IMC100T/SCSM,5,920
AT-IMC2000TP/SP-980-NCA1,1,0
AT-IS130-6GP-80,241,731.0511538
AT-IS130-6GP-80-NCA1,4,0
AT-IS130-6GP-NCA1,4,149.21
AT-MC102XL-60,1,280.3669718
AT-MMC2000/SC,2,575
AT-MMC6006-60,2,603.68
AT-MWWDR480/48,3,58.33333333
AT-PC2000/SP-960,1,964.0576
AT-PWR05-70,2,1082.215
AT-PWR150-B35,4,0
AT-PWR150-NCA1,4,125.835
AT-PWR150-NCP5,8,191.6
AT-PWR250 v2-E31,6,955.24
AT-RKMT-J13,3,89.91966667
AT-RKMT-J14,3,79.91245333
AT-SBx908 Gen2-E01,2,0
AT-SBx908Gen2-E01,2,25899.5
AT-SBx908GEN2-NCA1,2,2755.5
AT-SBx908Gen2-NCA5,2,11209.37
AT-SBxPWRSYS2-NCA5,4,1712.08
AT-SDR120-48,17,238.81
AT-SDR240-48,5,289.8322442
AT-SP10LR,2,1036.851007
AT-SP10LRa/I,44,557.1585498
AT-SP10SR,6,201.15
AT-SP10TW1,7,194.04
AT-SPEX,8,303.4259464
AT-SPLX10/I,565,202.1641719
AT-SPLX10a,187,102.8952044
AT-SPSX,190,83.71899256
AT-SPSX/I-90,10,257.18
AT-SPTXC,21,409.8097123
AT-SPZX120/I,2,2152.185776
AT-TQ5403e-00,2,1350.920214
AT-TQ5403-NCA1,1,183.7
AT-TQ6702e GEN2-00,1,0
AT-TQm1402-00,16,383.5036941
AT-TRAY4,1,90
AT-VST-APL-06-60,1,12124.2
AT-x220-28GS-30,4,2041.938783
AT-x220-52GP-30,1,5712.741565
AT-x230-28GP-30,1,3209.2425
AT-x230-28GP-NCA1,1,316.34
AT-X230-28GT-30,25,1463.75
AT-x230-28GT-NCA1,2,205.74
AT-x310-26FP-30,3,1220
AT-x310-26FP-NCA1,1,226.32
AT-x310-50FP-30,7,1837
AT-x510-28GPX-N1,1,0
AT-x510-28GPX-NCA1,3,0
AT-X510-28GSX-30,1,5563.94
AT-x510-28GSX-NCA1,1,0
AT-x510-28GTX-N1,2,3884.11
AT-x530-28GSX-B31,5,5196.52
AT-x530-28GSX-NCA1,1,1440.6
AT-x530-28GSX-NCA5,8,2645.28
AT-X530-28GTXM-N1,1,2760.53
AT-x530L-28GPX-30,3,5455.89
AT-x530L-28GPX-NCA1,2,0
AT-x530L-28GPX-NCA5,11,1945.056667
AT-x530L-28GPX-NCP5,3,654.7
AT-x530L-28GTX-NCA1,4,0
AT-x530L-52GPX-30,10,7595.995
AT-X530L-52GPX-N1-NCA3,3,0
AT-x530L-52GPX-NCA1,4,822.9763
AT-x530L-52GPX-NCA5,1,2116.29
AT-x530L-52GPX-NCP5,11,846.489
AT-x530L-52GTX-NCA5,2,918.13
AT-x930-28GSTX-B01,4,9368.7
AT-x930-28GSTX-E01,1,0
AT-x930-28GSTX-NCP5,4,1631.835
AT-XEM2-12XS v2-NCA5,2,1091.18
AT-XS916MXS-NCA5,1,2490.97
Avaya Cloud,5,0
Avaya IX Cloud,6,0
AXC763-10000S,4,183.62
AXM761-10000S,1,276
AXM761P10-10000S,1,2579.68
AXM762-10000S,12,627.08
BioTime,1,2137.5
BPS-RMQS-01,1,0
BUTTON,22,0
BV650I-MSX,10,0
C050900C061A,2,0
C050900C371A,10,378.422
C050900D020A,10,990.6912
C050900D021A,1,571
C050910C311A,10,449.6235
C050910M301A,22,620.91
C1000-16P-2G-L,1,1832.71
C1200-24FP-4G,10,2043.098
C1200-24P-4G,10,1363.803
C1200-24T-4G,10,819.847
C1200-24T-4X,2,1573.305
C1200-48P-4G,10,2486.883
C1200-8FP-2G,15,821.6653333
C1200-8P-E-2G,12,770.1453333
C1200-8T-D,5,420.836
C1200-8T-E-2G,10,520.554
C1300-24FP-4G,13,3003.245333
C1300-24P-4G,16,2105.029545
C1300-24P-4X,5,2643.968
C1300-24T-4G,10,1410.657
C1300-24T-4X,3,2216.193333
C1300-48FP-4G,10,5027.335
C1300-48P-4G,19,4018.974423
C1300-48T-4G,10,2212.294
C1300-48T-4X,3,3475.32
C1300-8FP-2G,13,1284.877059
C1300-8P-E-2G,15,967.661
C9120AXI-SINGLE,8,0
C9120-OVER,8,0
C9200L-DNA-E-48,5,0
C9200L-DNA-E-48-3Y,2,0
C9200L-NW-E-48,5,0
C9200-STACK-BLANK,3,0
C9300L-STACK-KIT,1,1891.789167
C9800-AC-110W,1,0
C9K-ACC-RBFT,2,0
C9K-ACC-SCR-4,4,0
C9K-PWR-C5-BLANK,1,0
CAB-AC2=,1,0
CAB-ACU,2,0
CAB-GUIDE-1RU,4,0
CABLE,7,0
Cable Management ,16,18.668
CABLE TIE,1,5
CAEI0CTA,2,0
CALL RECORDING,1,6459
Capex FF&E IT Hardware,3,0
CAT 6,96,0
CAT 6 Patch Cord 2m,1,0
Cat6 1M,43,5.026597386
Cat6 305mtr,7,0
Cat6 3M,28,9.141909478
CAT6 CABLE,51,0
Cat6 UTP Cable,48,0
CBS110-8PP-D-EU,10,385
CBS110-8T-D-UK,5,35.35
CBS250-24FP-4G-EU,15,2239.776
CBS250-24P-4G-UK,5,1494.224
CBS250-48P-4G-UK,25,2913.620502
CBS250-48T-4G-EU,17,1611.96
CBS250-48T-4G-UK,4,1597
CBS250-8FP-E-2G-EU,25,818.1368
CBS250-8P-E-2G-EU,9,767.7163387
CBS250-8T-E-2G-EU,25,673.8136
CBS350-16P-E-2G-UK,6,1682.749
CBS350-24FP-4G-UK,22,2746.132593
CBS350-24FP-4X-UK,2,3280.112371
CBS350-24P-4G-UK,4,1700
CBS350-24P-4X-UK,5,2690.63
CBS350-24S-4G-UK,15,2416.444
CBS350-24T-4G-UK,2,1380.69
CBS350-24XS-UK,3,5902
CBS350-24XT-EU,5,8306.92
CBS350-48FP-4G-UK,40,4819.645754
CBS350-48FP-4X-UK,11,5718.987273
CBS350-48P-4G-UK,23,3814.275
CBS350-48P-4X-UK,8,4818.636364
CBS350-48T-4G-EU,3,0
CBS350-48T-4G-UK,9,0
CBS350-8FP-2G-UK,18,1158.647368
CBS350-8P-2G-EU,4,1453.5
CBS350-8P-2G-UK,13,1087.75
CBS350-8P-E-2G-UK,20,920.0373571
CBS350-8S-E-2G-UK,10,1116.808
CBS350-8T-E-2G-EU,15,683.3333333
CBS350-8T-E-2G-UK,11,660.25
CBS350-8XT-EU,4,3220.496
CBW140AC-E,6,321.665
CBW150AX-E-UK,10,361.055
CBW240AC-E,7,556.116
CBW240AC-GMULTI,1,0
CDNA-E-C9105,14,0
CFQ7TTC0LF8Q,85,0
CO TERM,8,9551.353472
Co-location Hosting Services,58,983.5117241
CON-ECMU-LLICCT1A,4,0
CON-ECMU-VMWSW2,1,0
CON-SNT-C92004GE,3,0
CON-SNT-C920L24G,1,0
CON-SNT-C920L48P,2,0
CON-SNT-FRP11209,1,0
CON-SNT-P7JK94J1,3,74.662
CON-SNT-P7PK94P1,1,0
CON-SNT-P8GK94G6,3,97.652
CON-SNT-PHBRJWB7,1,0
COTERM,6,32755.42
CP-6800-PWR-UK=,45,39.6327451
CP-6800-WMK=,20,40.4245
CP-6841-3PW-UK-K9=,1,250.48
CP-6851-3PW-UK-K9=,27,277.75
CP-7841-K9=,1,0
CP-8800-A-KEM=,1,0
CP-8845-3PCC-K9=,3,828.2
CP-8865-3PCC-K9=,1,980
CP-BEKEM-3PCC=,1,650
CP-HS-W-531-USBA=,1,256.8666667
CRUCIAL 8GB,1,100
D120,138,166.8481159
D335,1,293.7
D385,1,420.7
D385N,7,392.92
D7 White,4,178.6
D710,76,99.22
D713,4,165.5
D715 White,168,200.7669318
D785,8,389.27
D785 White,4,420.71
D785N,1,392.92
D862,2,400.31
Dell Latitude,1,0
DELL LATITUDE 5540,1,3725
Dell OptiPlex Opti 7010,1,1950
Dell R350 Server,1,194
Dell R750xs,1,11450
Dell XPS 13,1,8450
DELL XPS 13 9340,1,6950
DEM-310GT,1,0
DG7GMGF0D7FX:0002,2,2000
DG7GMGF0FKX9,3,0
DG7GMGF0PN5F,1,2222.53
DGS-712/E,4,103
DGS-F1210-18PS-E,1,440
DL-380-G10 - Rack ,1,10850
DNA-E-3Y-C9105,14,0
DS-7608NI-K2/8P,1,460
E9115AX-DNA-OPTOUT,8,0
EM LOCK,1,75
Emergency Button,8,0
Exchange Online Plan 1 ,205,116.87025
Exchange Online Plan 2,13,217.8413846
F1D9400-06,1,65
F1D9401-12,3,100
F1DA108ZEA,2,794
F1DG102P,4,135
F1DS102LEA,2,390
F1DS104JEA,2,490
F1DS104LEA,2,480
Face ID2,2,1260
Face ID5,2,1800
FACE ID6,2,1525
FACE PLATE DOUBLE,13,2.997270833
FACE PLATE SINGLE,9,3.3918625
FANVIL V61G,17,0
Fanvil V64,2,0
FAP-223E-E,68,998.2618824
FAP-231G-E,36,687.96
FAP-23JF-E,20,15
FAP-431F-E,51,1205.293297
FAP-431G-E,8,2529.57
FAP-432F-E,20,2496.858333
FAP-C24JE-E,24,399.4827273
FAP-U231F-E,13,1308.319047
FAP-U24JEV-E,9,927.2321739
FAP-U321EV-E,10,1659
FAP-U323EV,1,1138.5
FC-10-00038-950-02-12,29,778.262069
FC-10-00090-900-02-12,2,1186.666667
FC-10-00119-950-02-12,3,4111.873333
FC-10-00208-950-02-12,2,6381.57
FC-10-00305-950-02-12,1,11271.64375
FC-10-0040F-131-02-12,1,201.6815625
FC-10-0040F-247-02-12,6,153.1
FC-10-0040F-950-02-12,198,580.5679293
FC-10-0050E-950-02-12,2,1384.17
FC-10-0060E-950-02-12,27,854.41
FC-10-0060F-950-02-12,31,815
FC-10-0061E-950-02-12,3,1561.816
FC-10-0061F-131-02-12,1,268.39
FC-10-0061F-811-02-36,2,4623.25
FC-10-0061F-950-02-12,11,1026.360564
FC-10-0069F-811-02-12,2,2724.054
FC-10-0070F-950-02-12,9,1045.02
FC-10-0080F-950-02-12,8,1723.291224
FC-10-0081F-809-02-60,2,10393.63
FC-10-0081F-950-02-12,2,2319.128333
FC-10-0090G-950-02-12,5,2522
FC-10-00E80-900-02-12,1,903.75
FC-10-00E80-950-02-12,4,1505.98
FC-10-00E81-950-02-12,2,1903
FC-10-0401E-950-02-12,1,21550
FC-10-148FF-247-02-12,13,460.2056538
FC-10-AD2AF-973-02-12,1,16090.77
FC-10-EDRPG-348-02-12,1001,165.2714585
FC-10-F100F-189-02-12,1,428.77
FC-10-F100F-247-02-60,2,3929.31
FC-10-F100F-950-02-12,11,3204.272727
FC-10-F101F-809-02-12,1,4286.29
FC-10-F101F-928-02-36,2,5410.66
FC-10-F101F-950-02-12,12,3411.717138
FC-10-F108F-247-02-12,2,107.94
FC-10-F120G-950-02-12,1,3519
FC-10-F121G-950-02-12,1,3577.115
FC-10-F200F-809-02-12,2,6857.96
FC-10-F200F-809-02-36,3,24939.02
FC-10-F200F-950-02-12,10,6060.935455
FC-10-F200F-950-02-36,2,17970.04
FC-10-F201F-809-02-12,1,9558.02
FC-10-F201F-950-02-12,11,6941.255882
FC-10-F201F-950-02-36,3,20667.61
FC-10-F431F-247-02-12,16,111.75125
FC-10-FG1HE-950-02-12,1,3013
FC-10-FG2HG-950-02-12,3,8353
FC-10-FG30G-950-02-12,20,463.34
FC-10-P231F-247-02-12,32,76.205
FC-10-PE221-247-02-12,1,60.10033333
FC-10-PE221-247-02-36,8,98.96
FC-10-PF231-247-02-12,3,81.45406706
FC-10-PG431-247-02-12,1,224
FC-10-S108P-247-02-12,2,156.837
FC-10-S124F-247-02-12,9,283.1536111
FC-10-W040F-247-02-12,4,202.51
FC-10-W040F-950-02-12,6,625.2133333
FC-10-W060F-189-02-12,1,147.43
FG-100F,7,4524
FG-101F,7,5003.070476
FG-101F-BDL-950-36,1,14251.66
FG-120G,1,5091.825
FG-200E,16,5618.198125
FG-200F,5,9443.21
FG-200F-BDL-950-36,2,26527.23
FG-200G,4,11933
FG-201F,7,10480.03222
FG-201F-BDL-950-36,2,30503.19
FG-30E-BDL,1,1090
FG-30G,50,661.752
FG-40F,217,821.474652
FG-40F-BDL-950-36,11,2329.440828
FG-60E,1,1660
FG-60F,36,1127.806169
FG-60F-BDL-950-36,7,3308.456735
FG-61F,14,1489.512051
FG-61F-BDL-950-36,2,4334
FG-70F,1,1125
FG-70F-BDL-950-12,27,2373.809036
FG-80F,5,2460.895
FG-80F-BDL-950-36,7,7294.721265
FG-81F,4,3313
FG-81F-BDL-950-36,2,9574
FG-90G,5,3602
FG-91G,1,3935.93
Fingertec R2,1,1100
Fingertec R3,2,1070
FIP15G Plus,3,274.3
Floor Trunking,4,0
FN-TRAN-GC,7,295.0644898
FN-TRAN-LX,88,283.87
FN-TRAN-SFP+LR,5,352.8835
FN-TRAN-SFP+SR,11,184.0731667
FN-TRAN-SX,59,137.4847458
FON-175,38,176.1007971
FON-475,16,466.1029412
FON-570,12,579.4094444
FON-575,8,623.6166667
FON-675I,4,771.89
FON-C71,1,1017.02
FP-10-EDR-PS,1,0
FP-10-MDR-FRNSCS,1,0
FPR1010T-TMC,1,0
FQC-10528,1,475
FS-108E,11,367.4685
FS-108E-FPOE,17,940.2056522
FS-108F-FPOE,39,804.9194064
FS-124F,4,1450.67
FS-148F,1,2304
FS-148F-FPOE,7,4500
FS-148F-POE,1,3631.623
FS-224D-FPOE,25,3859.786786
FS-248E-FPOE,14,4831.417
FS-248E-POE,2,25
FS-424E-POE,2,3301.68
FTA1101,1,78.48
FTA5111,1,104.61
FVE-100E,1,3050
FVE-20E4,1,1325.075
FVE-50E6,3,2326.42
FWF-30E-E,67,1327.580967
FWF-80F-2R-3G4G-DSL-E-BDL-950-12,1,8671.63
GPI-115,9,91.08
Grandstream DP720,2,0
GRP2602P,1,0
GRP2603P,1,145
GS108LP-100EUS,1,392.66
GS108PE-300EUS,1,226.4175
GS116LP-100EUS,20,556.9124
GS324TP-100EUS,135,955.7731093
GS724T-400EUS,18,827.2777778
GS724TP-200EUS,36,900
GS728TPP-200EUS,9,1445.38
GS752TPP-100AJS,1,2586.47
GS752TPP-100NAS,13,2586.47
GSM4212P-100EUS,4,1648.95
GSM4230UP-100EUS,4,6142.85
GSM4248P-100EUS,3,6021.68
GSM4248UX-100AJS,1,11616.27
GSM4328S-100AJS,5,3215.216667
GSM4352S-100NES,2,4271.905
GWN7605,100,120
GXP1630,2,162.2921053
H1TY7E,2,0
H29YFE,25,0
H2CA5E,13,0
Hard Drive,8,0
HC000207,23,296.68
HC000209/CPR/C6/UTP/FR/BLU/305,11,315.71
HC000211/CPR/C6/UTP/PP/LD/24,37,148.22
HC000221/CPR/C6/UTP/KJ/WHT,750,7.61
HC000264/CPR/C6/UTP/LS/GRY/1M,240,8.55
HC000265/CPR/C6/UTP/LS/GRY/2M,352,10.46
HC000266/CPR/C6/UTP/LS/GRY/3M,131,13.31
HC000360/CPR/C6A/UTP/LS/GRY/1M,15,12.85
HC000361/CPR/C6A/UTP/LS/GRY/2M,3,15.29
HC000362/CPR/C6A/UTP/LS/GRY/3M,100,18.79
HC000401/CPR/FP/SGL,485,6.09
HC000402/CPR/FP/DBL,440,6.66
HDMI CABLE,5,5.5
Headset,1,52.25
HG6E6E,4,55.638
Hikvision Camera,1,345
HM1B3E,1,0
HP 130FNW,1,1220
HP HBA CARD,2,425
HP-963XL BLK,30,0
HP-963XL CY,20,0
HP-963XL M,20,0
HP-963XL Y,20,0
HP-963XL-B,30,145
HP-963XL-C,20,108
HP-963XL-M,20,108
HP-963XL-Y,20,108
HP-973X-B,4,360
HP-973XL BLK,4,0
HP-973XL M,6,0
HP-973X-M,6,320
HP9W2E,1,35.64521739
HP-WKS-AST,1,2350
HU4A6A3,2,0
HWT-D2120-10-SIU,1,288.04
HWT-D2150-10-SIU,3,369.05
HWT-D3040-10-ELI-PV,4,849.38
HWT-D3220-10-SIU,1,288.03
HWT-D3250-10-I-P,1,206.07
HWT-D3250-10-SIU,7,271.66
HWT-NVR800-A02-08P,1,445.55
HWT-NVR800-A02-16P,1,692.39
i86V-02,1,0
Ingressus II,1,750
Ingressus IV,1,950
IP OFFICE ,1,0
IPC2122LB-SF40-A,1,87.18
IPC324LB-SF28K-G,1,288.98
IPC3534LB-ADZK-G,4,312.42
IPC672LR-ADUPKF40,1,295.97
IVR,1,0
J4860D,3,685.9966667
J9150D,20,900
J9281D,9,196.5988889
J9659A,4,0
J9665A,5,184.886
J9726A,2,2170
J9735A,5,464.9944444
J9773A,1,2000
J9781A,27,286.013871
J9783A,2,92.92
J9827A,1,1769.09
J9828A,5,1056.0475
J9828A ACC,10,0
J9828A#ACC,8,0
J9831A,1,0
J9989A,1,4068.396
J9995A,1,4186.348
JD096C,22,8.3396
JG688A,32,0
JG696A,6,0
JG722A.  ACC,4,0
JG920A,5,550
JG972A,1,0
JH329A,2,120.64
JL019A,1,0
JL085A ACC,2,0
JL087A ACC ,2,0
JL255A,5,2812.3
JL255A ACC ,6,0
JL256A,7,3173.44
JL325A,1,646.9541713
JL385A,1,775.8925
JL430A ACC,2,0
JL558A,7,10120
JL675A  ACC,1,0
JL677A ACC,2,0
JL680A,25,388.1294444
JL682A,36,667.93
JL683A,31,867.5409302
JL683B,41,970.715493
JL684A ACC,5,0
JL684B,44,1347.512424
JL684B ACC,5,0
JL685A,10,952.5
JL686A,3,1817.857529
JL686B,60,1843.096626
JL686B ACC,7,0
JL725B ACC,1,0
JL725B#ACC,3,0
JL726A,1,5067.316
JL727A,5,6321.41712
JL728B#ACC,20,0
JL806A,6,2092.564286
JL807A,18,1833.91
JL808A,5,2207.901354
JL809A,14,3496.6625
JL811A,20,479.4019512
JL813A,4,931.7718182
JL815A,6,1640.256154
JW046A,1,11.15
JW047A,30,11.54293236
JW052A,4,0
JW127A,36,11.71474466
JW245A,4,75.57
JW735A,1,15366.63
JX989A,1,154.88
JY705A,5,55.4985
JZ074A,4,3.03
JZ320A,1,96.64
JZ336A,33,1775.960262
JZ370A,1,364.87
KADEX M,1,550
KL7123ILZFZ,3,0
KR600,5,111.55
KXTG 3611,1,90
LBE-5AC-GEN2,1,0
Lenovo Monitor,239,0
LGS108P,8,239.8860625
LGS116P,14,378.268
LGS124,11,326.816
LGS124P,17,539.968
License,1,75.73
LIC-ENT-1YR,15,289.8821954
LIC-ENT-7YR,3,1985.9
LIC-MS120-24P-1YR,1,251.2
LIC-MS120-24P-7YR,2,1698.42
LIC-MS125-24P-1Y,1,380.47
LIC-MS210-48FP-1YR,2,635.01
LIC-MS225-48FP-1YR,3,721.5645833
LIC-MX67-SEC-1YR,1,0
LIC-MX68CW-SEC-5YR,1,0
LIC-MX68W-SEC-3YR,1,3985.9
LIC-MX75-SEC-1Y,1,1641.06
LINKUS SOFTWARE,1,1472
L-MLIC-S57S S57XX-S,2,330.53
LOCK,2,0
LZ BRACKET,7,0
M25,1,257.98
M70,8,395.06
M80,2,536.69
Magnetic Lock,1,0
Map,2,0
MA-PWR-100WAC,1,314
MA-PWR-CORD-UK,2,34.48464844
MC1550-0-XX,1,0
MGBLH1,7,744.3885714
MGBSX1,24,385.4966667
Microsoft 365 Business Basic,58,181.4942397
Microsoft Defender for Office 365 Plan 1,170,69.704
Microsoft Office -,1,795
Microsoft Office 2021,10,723
MK1A3HN/A,1,0
MS OFFICE 2021 ,8,805
Ms Windows 11 Pro,2,408.3333333
MS Windows Server,2,0
MS108UP-100UKS,4,1045.67
MSO 1350,1,510
NCB-C6UGRYR-305-24,1,294
NETWORK-PNP-LIC,17,0
NETWORK-PNP-NONE,8,0
Norton Security,30,68.067
OFIS Y,1,285
OSR-DNS-SMCN00722,2,0
P10G,46,84.20652174
P10P,109,72.23214286
P10W,2,108
P11G,48,102.55625
P11P,111,87.20144144
P19949-B21,2,1900
P20G,59,109.9847458
P20P,46,82.4526087
P21P,28,102.75
P22G,24,155.2216667
P22P,2,140.93
P23G,23,140.01
P46171-021,1,2850
P46171-A21,1,2900
P550 Standard Plan,1,0
P85830112,2,0
Paper Bag,109,0
PATCH CABLE,1,8
Patch Cord,3,0
PATCH CORD 1 MTR,30,2.5
PATCH CORD 3M,154,0
Patch Panel,1,100
PBE-5AC-620,2,670
PC-AC-EC,9,0
PDU,7,36.57276762
PER750XS2A-242,1,24400
PI-LFAS-AP-T,2,0
PL-501SPUKA-RW,1,1271.55
PL-E410PUKA-RW,1,0
PL-E410X00B-RW,4,785.9545
POS4000P,1,0
POWER ADAPTOR,80,3
POWER CABLE,103,3
POWER EXTENSION,12,0
Printer,1,0
PWR-C5-BLANK,10,0
Q2i,1,1400
Q9G71A,34,0
Q9Y58AAE,4,275.4
R1C72A,17,0
R2H28A,1,0
R2W96A,4,241.11
R2X01A,18,413.2781917
R2X06A,8,545.5614788
R2X16A,1,329.0909091
R3J15A,11,42.65761905
R3J18A,2,51.415
R3K00A,1,3.673
R3T90A,10,59.26545455
R3V58A,5,46.70843368
R3V60A,1,3.673
R4W02A,419,331.9249703
R6M51A,6,413.81888
R6P90A,156,10.35740933
R7J27A,5,1727.289768
R7J46A,3,964.5155556
R7J49A,17,1108.763897
R8N87A,44,1537.921753
R8N87A ACC,6,0
R8N89A ACC,27,0
R8R46A,31,304.7108824
R9B28A,71,580.6639041
R9D16A,1,125
R9D17A,15,145.47
R9D18A,1,209.2958517
R9H97A,1,201.097
R9L63A,2,142.566
RBK852-100EUS,27,1810.283125
RBK853-100EUS,17,2392.984783
RDU101 ,3,463.9866667
REBATE,2,-162.58
REMOTE,5,0
Remote Support,2,0
RJ45,10,0
RP-TCA430,1,75
S1700-16G,1,115
S1700-24-AC,2,0
S1724G,1,225
S1T09A,177,282.7321599
S1T18A,5,1422.38
S1T23A,21,654.6645877
S1T32A,3,3319.13
S1T37A,36,723.5944444
S1U76A,20,560
S5700-28TP-PWR-LI-AC,4,2075
SC9800LK9-173,1,0
Scanner,1,200
SECEON,53,176.8962963
SEQRITE CIR,25,31.59183673
Seqrite EPS,25,0
SF110D-08,1,68.87400826
SG110D-08,2,0
SG350-52P,2,0
SIP-T31P,2,115
SMT1000RMI2U,1,0
SMX3000RMHV2U,1,7300
SNOM M90,1,885.74
Snom PA1+,1,388.93
SP-RACKTRAY-02,8,361.5307692
SRT192RMBP,4,4442.575
SRT5KRMXLIM,1,12023
SRT6KRMXLI,4,13485.0725
SSL Certificate,4,552
ST6000VX001,2,470
SVS-UMB-SUP-E,1,535.4505
SW9105AXI-CW-K9,14,0
SW9120AX-EWC-K9,8,0
SW-CBW-APAC-K9,24,0
SXR80-100EUS,28,634.4028571
TA100C,1,0
TA100C-R,2,780
TA200 Plus,1,1075
TA500R,7,500
TELE CALL BILLING,1,0
Travel Mug,50,0
U6-LR,1,615
U6LR1,2,607.5
U6-Pro,21,0
U6PRO1,1,525
UACCOMMM10GD1,10,172.4675325
UACC-OM-MM-10G-D-2,10,0
UAP-AC-M,3,0
UAPACM1,3,315
UAP-AC-M-PRO,5,0
UAP-AC-PRO,11,460
UAPACPRO1,1,490
UB500,3,24.5
UCK-G2,2,0
UCK-G2-PLUS,4,0
UCKG2PLUS1,1,744.5089286
UCM6202,1,766.92
UCM6204,1,1231.97
UCM6302A,1,852.5
UDM,1,0
UDM-PRO,4,0
UDMPRO1,2,1420
UDR,1,0
UF-MM-10G,2,0
UMB-SEC-SUB,2,0
Unear A30,7,425.88
Unear M30,1,339.75
Unear V20,5,86.91
Unear V50E,1,1027.16
UNVR,3,0
UNVR-Pro,1,1581.136667
U-POE-AT,4,38
UPOEAT1,1,70
USW-24-POE,3,1223.880667
USW-Enterprise-24-PoE,1,2600
USW-Flex,3,0
USW-Pro-24-POE,3,0
USW-Pro-48-POE,2,3740
UVC-G4-BULLET,3,607
UVC-G4-PRO,3,0
VCF-VSP-STD-8,16,183.625
V-FDNVUL-0I-SU1YP-00,1,3700
Vnet IP VI702,5,2752.425
VS8-ESSL-KIT-C,1,1940.292
VS8-ESSL-SUB-C,3,270.6866667
V-VBO365-0U-SU1YP-00,10,60
WAS028,1,245
Wasabi Storage,1,0
WAX202-100EUS,210,136.6034545
WAX206-100EUS,105,229.3260345
WAX214-100EUS,6,359.82
WAX610-100EUS,236,454.55276
WAX610Y-100EUS,64,486.4184375
WAX620-100EUS,70,664.4238356
WAX630E,1,1121.06
WD 8TB,1,607.5
WEXTWAR3YR-SP-05,1,2718.4
WUH721818AL5204,2,1249.5
Xcitium Advance,149,29.39
XCITIUM XDR,134,0
XGS136W1EU,1,3305.25
XGS87W1EU,3,1175.2
XSM4216F-100EUS,3,2443.88
XSM4316PA-100NES,6,7397.103333
XSM4328FV-100NES,4,8189.49
Yeastar GSM MODULE,3,0
ZK Software,1,3000
ZKTECO Inbio 460,2,2235.85
